COMP,x,y,band1,band2,band3,band4,ndvi,N_Actual,P_Actual,K_Actual
AAPA,7391,766,706,629,388,2649,0.7444846888,2.07,0.165,0.69
AAPA,7381,1065,679,535,323,2819,0.7943984723,3.03,0.187,0.51
AAPA,7308,1074,670,523,315,2583,0.7826086956,3.06,0.178,0.55
AAPA,7255,1184,695,550,342,2602,0.7676630435,2.86,0.181,0.56
AAPA,7082,839,683,564,370,2516,0.7435897436,2.95,0.187,0.58
AAPA,7069,654,714,580,396,2441,0.7208318646,2.79,0.176,0.67
AAPA,6881,971,676,555,324,2797,0.792374239,2.7,0.184,0.43
AAPA,6772,425,716,576,364,2956,0.7807228916,2.71,0.165,0.69
AAPA,6772,613,703,585,374,2613,0.7495815199,2.34,0.15,0.61
AAPA,6640,951,685,536,331,2859,0.792476489,3.02,0.184,0.44
AAPA,6639,471,722,567,357,2720,0.7679558011,2.79,0.162,0.64
AAPA,6630,1214,668,528,317,2560,0.7796315607,2.98,0.185,0.73
AAPA,6545,3822,686,622,392,2313,0.7101663586,2.76,0.17,0.46
AAPA,6537,3373,674,595,367,2460,0.7403608065,2.74,0.181,1.13
AAPA,6515,1053,687,545,335,2610,0.7724957555,2.9,0.16,0.64
AAPA,6464,3747,675,565,350,2349,0.7406446832,2.54,0.179,1.02
AAPA,6398,1062,688,562,367,2504,0.7443399512,3.04,0.182,0.67
AAPA,6375,915,682,569,342,2997,0.795148248,2.7,0.154,0.62
AAPA,6264,3131,680,541,328,2886,0.7958929683,2.74,0.176,0.84
AAPA,6262,3821,683,602,353,2323,0.7361733931,2.83,0.19,0.79
AAPA,6259,3343,664,552,344,2289,0.7387011014,2.77,0.189,1.09
AAPA,6186,1647,691,560,351,2605,0.7625169147,2.57,0.15,0.63
AAPA,6181,3562,664,569,342,2141,0.7245267821,2.64,0.185,0.44
AAPA,6061,1886,716,592,382,2871,0.7651398709,2.44,0.145,0.56
AAPA,6047,3421,681,637,382,2525,0.7371861025,2.39,0.167,0.58
AAPA,6042,3654,684,621,374,2543,0.7435721632,2.68,0.166,0.4
AAPA,6023,3345,670,547,329,2410,0.7597663381,2.53,0.183,0.9
AAPA,5959,1955,695,558,354,2422,0.7449567723,2.58,0.145,0.55
AAPA,5955,3753,672,572,333,2598,0.7727737973,2.44,0.167,0.82
AAPA,5948,3823,687,622,386,2347,0.7175265276,2.71,0.16,0.94
AAPA,5945,3274,695,589,354,2552,0.756366139,2.72,0.19,0.73
AAPA,5874,3760,669,555,324,2461,0.7673249551,2.44,0.161,0.56
AAPA,5872,3389,689,595,371,2440,0.7360369975,2.73,0.168,0.83
AAPA,5872,3831,675,551,334,2609,0.7730207271,2.79,0.173,1.01
AAPA,5805,3763,678,585,341,2271,0.7388973966,2.73,0.172,0.56
AAPA,5789,3496,684,621,373,2453,0.7360226468,2.53,0.154,0.77
AAPA,5726,3345,684,553,339,2559,0.7660455487,2.36,0.147,0.59
AAPA,5652,3762,679,556,338,2623,0.7716987504,2.59,0.166,0.72
AAPA,5606,3831,683,558,334,2697,0.7796106895,2.99,0.213,0.79
AAPA,5594,3768,674,589,343,2525,0.7608089261,2.56,0.165,0.82
AAPA,5495,3604,665,544,324,2889,0.7983193277,2.73,0.193,0.92
AAPA,5348,3354,671,525,326,2224,0.7443137255,2.54,0.155,0.53
AAPA,5291,3725,678,551,358,2909,0.7808386899,2.38,0.157,0.91
AAPA,5271,3165,683,555,344,2613,0.7673317552,2.16,0.128,0.83
AAPA,5201,3161,676,534,337,2318,0.7461393597,2.81,0.149,0.83
AAPA,4745,2947,717,615,404,2395,0.7113254734,2.49,0.139,0.38
AAPA,4691,2896,725,623,438,2386,0.6898016997,1.99,0.113,0.24
AAPA,4505,3142,686,550,337,2544,0.7660534537,2.57,0.155,0.56
AAPA,4387,2727,681,551,332,2293,0.747047619,2.37,0.135,0.59
AAPA,4292,2658,673,549,331,2479,0.7644128114,2.56,0.15,0.45
AAPA,4213,2833,685,570,346,2458,0.7532097004,2.45,0.151,0.43
AAPA,4150,2764,734,619,444,2774,0.7240522063,2.52,0.161,0.71
AAPA,4069,2808,699,561,357,2293,0.7305660377,2.4,0.152,0.55
AAPA,3979,3216,674,530,323,2038,0.7263871241,2.55,0.142,0.64
AAPA,3913,3288,684,508,332,1368,0.6094117647,2.39,0.136,0.69
AAPA,3910,2605,693,565,361,2124,0.7094567404,2.28,0.141,0.29
AAPA,3907,2828,703,567,352,2373,0.7416513761,2.57,0.148,0.6
AAPA,3752,2914,692,569,357,2370,0.7381738174,2.58,0.16,0.33
AAPA,3707,2998,701,579,357,2943,0.7836363636,2.48,0.161,0.42
AAPA,3656,2480,691,544,346,2348,0.7431328879,2.47,0.14,0.52
AAPA,3590,2759,722,605,391,2662,0.7438584998,2.85,0.142,0.7
AAPA,3567,2549,702,558,371,2129,0.7032,2.68,0.154,0.52
AAPA,3556,2992,693,556,342,2590,0.7667121419,2.72,0.172,0.59
AAPA,3370,2569,685,558,344,2328,0.7425149701,2.46,0.141,0.56
AAPA,3314,2433,694,585,376,2396,0.7287157287,2.81,0.155,0.38
AAPA,3300,2552,689,539,337,2340,0.7482256257,2.78,0.155,0.57
AAPA,3289,3116,710,587,369,2600,0.7514314584,2.68,0.169,0.68
AAPA,3289,3298,714,586,366,2454,0.7404255319,2.67,0.167,0.5
AAPA,3221,3034,694,570,384,2110,0.6920609463,2.73,0.148,0.38
AAPA,3199,2787,677,549,342,2358,0.7466666667,2.6,0.154,0.79
AAPA,3160,2505,698,593,380,2351,0.721713658,2.52,0.144,0.33
AAPA,3145,2876,692,541,337,2331,0.7473763118,2.71,0.153,0.81
AAPA,3144,2568,690,583,383,2383,0.723065799,2.61,0.137,0.46
AAPA,3071,2937,686,567,354,2385,0.7415115005,2.34,0.14,0.6
AAPA,3026,3008,702,617,369,2517,0.7442827443,2.43,0.137,0.26
AAPA,2858,3289,717,633,385,2802,0.7583934735,1.9,0.116,0.63
AAPA,2849,3103,670,493,303,1616,0.6842105263,2.41,0.148,0.46
AAPA,2821,3033,683,558,336,2279,0.7430210325,2.68,0.166,1.12
AAPA,2755,2905,688,573,377,2003,0.6831932773,2.44,0.137,0.47
AAPA,2475,3158,711,606,380,2878,0.766728054,2.28,0.135,0.25
AAPA,2401,3168,694,573,359,2506,0.7493891798,2.25,0.132,0.34
AAPA,2387,3281,694,578,348,2757,0.7758454106,2.4,0.139,0.54
AAPA,2335,3184,697,586,368,2836,0.7702871411,2.42,0.146,0.57
AAPA,2236,3214,709,586,365,2239,0.7196620584,2.11,0.129,0.33
AAPA,2117,3102,699,582,367,1904,0.6767943637,2.26,0.132,0.34
AAPA,2087,2999,688,567,364,2555,0.7505995204,2.54,0.132,0.44
AAPA,2066,3381,693,556,356,2117,0.7120905782,2.51,0.15,0.35
AAPA,2022,3377,699,572,364,2022,0.6948868399,2.17,0.119,0.22
AAPA,1685,3236,763,700,564,2247,0.598719317,2.33,0.13,0.57
AAPA,1450,3127,697,587,371,2643,0.7538155275,2.56,0.151,0.53
AAPA,1412,3017,690,574,355,2408,0.7430329352,2.32,0.141,0.46
AAPA,1404,2726,695,571,359,2306,0.7305816135,2.23,0.117,0.44
AAPA,1361,3152,706,584,408,1969,0.6567101388,2.17,0.104,0.48
AAPA,1327,2814,689,579,358,2399,0.7402974247,2.43,0.129,0.45
AAPA,1123,2816,697,577,367,2113,0.7040322581,2.39,0.117,0.55
AAPA,1037,2419,679,529,331,2347,0.7528005975,2.46,0.141,0.54
AAPA,1030,2798,690,554,351,2208,0.7256740914,2.32,0.129,0.47
AAPA,821,2929,683,578,350,2379,0.743495786,2.36,0.141,0.83
AAPA,796,2597,684,557,342,2326,0.7436281859,2.29,0.101,0.58
AAPA,730,2685,708,575,366,2186,0.7131661442,2.58,0.145,0.5
GBSM,530,372,240,426,300,3636,0.8761609907,2.65,0.15,1.09
GBSM,529,353,290,457,306,3246,0.8359728507,2.32,0.15,1.26
GBSM,528,354,481,563,410,2978,0.7218849378,2.36,0.14,0.97
GBSM,528,372,239,409,283,3474,0.8712631295,2.45,0.15,0.96
GBSM,526,195,317,543,304,3004,0.8090936465,2.14,0.16,0.81
GBSM,525,194,314,545,314,3031,0.8122571001,2.08,0.16,1.21
GBSM,521,322,212,361,275,2699,0.8543455857,2.71,0.14,0.51
GBSM,520,324,236,409,290,3115,0.8591465234,2.73,0.16,0.84
GBSM,517,221,256,432,296,3350,0.8580144204,2.25,0.16,1.14
GBSM,516,220,255,432,290,3281,0.8557692308,2.42,0.17,1.19
GBSM,514,341,261,427,280,3324,0.8543933054,2.46,0.16,1.02
GBSM,512,341,270,431,282,3369,0.8516075845,2.38,0.16,0.75
GBSM,504,307,264,456,298,3313,0.8523902712,2.55,0.15,0.79
GBSM,502,308,257,444,292,3382,0.8587524045,2.13,0.14,1.10
GBSM,504,189,293,495,300,2982,0.8210687023,2.24,0.16,1.08
GBSM,503,189,297,501,305,3093,0.8247787611,1.91,0.14,1.15
GBSM,493,369,238,397,277,3352,0.8674094707,2.29,0.15,1.07
GBSM,491,434,257,442,300,3494,0.8629698747,2.37,0.16,0.92
GBSM,491,369,234,396,273,3337,0.8689442733,2.18,0.15,1.31
GBSM,491,435,264,454,299,3456,0.8580645161,2.11,0.15,1.09
GBSM,489,277,241,422,285,3598,0.8744464704,2.25,0.15,0.92
GBSM,488,242,248,440,290,3239,0.8577573846,2.06,0.14,0.90
GBSM,487,276,230,406,288,3436,0.8745226405,1.97,0.15,0.98
GBSM,488,215,261,429,305,3281,0.8526256352,2.05,0.16,1.21
GBSM,487,243,246,436,289,3336,0.8626465662,2.38,0.16,0.97
GBSM,486,215,281,453,308,3273,0.8418683174,2.36,0.16,1.34
GBSM,486,194,279,450,302,3247,0.8417470221,2.24,0.16,1.15
GBSM,483,195,308,447,299,2953,0.8111008893,2.14,0.16,1.38
GBSM,475,334,240,408,292,3287,0.8639070031,2.33,0.15,1.29
GBSM,474,363,240,407,274,3369,0.8669991687,3.18,0.15,0.65
GBSM,474,334,240,406,294,3298,0.86433013,2.59,0.16,0.93
GBSM,472,363,240,411,282,3372,0.8671096345,3.02,0.16,0.80
GBSM,471,235,249,414,279,2978,0.8456770995,2.29,0.16,0.85
GBSM,469,235,250,408,289,3039,0.8479781088,2.40,0.17,0.89
GBSM,466,195,246,416,299,3389,0.8646492435,2.80,0.16,0.77
GBSM,465,386,310,532,303,3153,0.8209644817,2.75,0.15,0.60
GBSM,465,195,243,413,294,3336,0.8642078793,2.48,0.15,0.69
GBSM,464,386,314,529,302,3068,0.8143110585,2.47,0.16,0.59
GBSM,453,324,230,407,289,3361,0.8719019772,2.47,0.15,0.52
GBSM,452,322,239,418,287,3308,0.8652382295,2.51,0.13,0.70
GBSM,451,296,244,428,296,3308,0.8626126126,2.82,0.15,0.71
GBSM,449,296,251,432,285,3329,0.8597765363,2.48,0.16,0.48
GBSM,445,287,269,475,307,3262,0.8476352308,2.83,0.14,0.69
GBSM,444,412,306,532,304,3158,0.8233256351,3.67,0.20,0.88
GBSM,444,287,272,482,304,3226,0.8444825615,2.10,0.15,0.91
GBSM,444,411,306,533,309,3085,0.8195222648,3.01,0.18,0.78
GBSM,443,355,298,517,315,3500,0.8430753028,3.00,0.15,0.95
GBSM,442,355,293,507,311,3532,0.8467973856,2.85,0.17,1.02
GBSM,440,234,244,424,292,3090,0.8536292741,2.41,0.15,0.80
GBSM,438,234,244,418,296,3020,0.8504901961,2.20,0.13,0.82
GBSM,434,200,243,419,292,3338,0.8642837196,2.57,0.17,0.65
GBSM,434,279,276,486,306,2980,0.8304668305,2.52,0.13,0.72
GBSM,434,219,275,459,306,3152,0.8395097753,2.03,0.13,0.93
GBSM,432,200,257,414,307,3174,0.8501894491,2.49,0.15,0.91
GBSM,432,279,554,612,427,3077,0.6948499036,2.44,0.14,0.73
GBSM,432,219,287,435,303,3055,0.8282465589,2.11,0.13,1.04
GBSM,422,287,249,449,299,3557,0.8691539674,2.04,0.15,0.97
GBSM,421,330,257,453,293,3451,0.8613807983,2.34,0.15,1.12
GBSM,421,373,281,499,300,3317,0.8438021123,2.59,0.16,0.81
GBSM,420,375,281,496,298,3330,0.844364442,2.31,0.15,0.88
GBSM,420,287,249,445,302,3521,0.8679045093,2.19,0.14,0.89
GBSM,420,330,254,445,291,3447,0.8627398001,2.13,0.14,0.97
GBSM,418,344,254,443,297,3636,0.8694087404,2.48,0.15,1.04
GBSM,418,191,271,432,309,3445,0.8541442411,2.48,0.16,0.98
GBSM,417,205,257,453,300,3631,0.8677983539,2.38,0.15,0.91
GBSM,416,344,252,445,302,3643,0.8706033376,2.28,0.15,0.95
GBSM,416,191,272,433,311,3397,0.8517307168,2.38,0.15,1.06
GBSM,416,322,276,474,297,3257,0.8437588452,2.67,0.15,0.74
GBSM,416,205,258,455,300,3679,0.8689357379,2.41,0.16,1.22
GBSM,415,322,275,473,296,3301,0.846196868,2.41,0.17,0.84
GBSM,414,357,282,485,302,3609,0.8550501156,2.24,0.16,0.81
GBSM,413,357,273,475,302,3605,0.8592057762,2.39,0.16,0.78
GBSM,410,224,225,401,285,3381,0.8752079867,2.42,0.15,0.84
GBSM,409,224,226,391,287,3317,0.872424499,2.55,0.16,0.89
GBSM,405,411,323,544,312,3100,0.8112766579,2.42,0.15,0.86
GBSM,403,411,323,528,312,3185,0.8158494869,2.11,0.15,0.98
GBSM,394,193,265,437,303,3321,0.8522030117,2.42,0.15,0.93
GBSM,393,395,243,425,292,3566,0.872407456,2.37,0.16,0.82
GBSM,393,193,265,440,307,3330,0.8525730181,2.44,0.15,1.15
GBSM,392,395,242,421,289,3561,0.8727320536,2.48,0.16,1.03
GBSM,391,254,259,462,292,3556,0.8642201835,2.07,0.14,1.06
GBSM,389,254,258,449,304,3666,0.868501529,2.27,0.15,0.97
GBSM,384,191,295,441,303,3352,0.8382231971,2.32,0.15,1.10
GBSM,382,191,292,445,318,3358,0.84,2.29,0.15,1.11
GBSM,372,253,235,401,286,3313,0.8675310034,2.72,0.16,1.45
GBSM,370,254,239,398,284,3308,0.8652382295,2.06,0.14,1.60
GBSM,372,338,296,468,337,3334,0.8369146005,2.54,0.17,1.26
GBSM,371,288,226,386,280,3337,0.8731406118,2.80,0.16,1.26
GBSM,371,427,261,414,290,3271,0.8522083805,2.62,0.16,1.29
GBSM,369,197,236,397,287,3133,0.8598990798,2.90,0.17,1.22
GBSM,369,395,259,429,290,3182,0.8494623656,2.42,0.15,1.43
GBSM,370,338,288,442,322,3239,0.8366884037,2.68,0.15,1.13
GBSM,369,393,270,466,302,3297,0.8486122792,2.53,0.15,1.26
GBSM,369,288,232,380,288,3240,0.866359447,2.99,0.18,0.82
GBSM,368,195,266,404,303,2619,0.8155979203,2.66,0.16,1.37
GBSM,369,427,258,413,289,3231,0.8521066208,2.65,0.16,1.02
GBSM,368,358,271,422,299,3245,0.845847554,2.67,0.16,1.13
GBSM,367,358,271,421,302,3170,0.8424876489,2.44,0.15,1.22
GBSM,366,436,269,443,300,3275,0.8481941309,2.59,0.16,1.02
GBSM,364,436,269,436,295,3329,0.8504724847,2.24,0.15,0.92
GBSM,358,215,248,408,289,3181,0.8553514144,2.69,0.15,1.22
GBSM,357,215,252,421,296,3279,0.8572642311,2.72,0.16,1.03
GBSM,355,189,282,427,309,2837,0.8191728118,2.51,0.15,1.31
GBSM,353,189,307,430,312,2774,0.8007140539,2.49,0.14,1.46
GBSM,349,312,272,433,309,3030,0.8352513628,2.84,0.17,1.09
GBSM,349,408,245,411,291,3088,0.8529852985,2.38,0.16,1.29
GBSM,348,371,234,396,296,3205,0.8639139285,2.17,0.15,1.08
GBSM,347,312,251,412,294,3088,0.8496555855,2.46,0.16,1.06
GBSM,347,408,250,418,295,3188,0.8545666085,2.54,0.16,1.05
GBSM,347,368,259,430,289,3492,0.8619034924,2.54,0.17,1.03
GBSM,346,277,266,437,286,3424,0.8558265583,2.84,0.18,1.16
GBSM,345,278,252,425,280,3257,0.856369336,2.72,0.16,1.16
GBSM,339,347,245,406,292,3361,0.8641153633,2.85,0.18,1.16
GBSM,337,427,98,195,192,643,0.7354925776,2.46,0.17,1.06
GBSM,333,199,239,403,286,3174,0.8599472605,2.54,0.18,1.30
GBSM,336,427,98,194,189,683,0.7490396927,2.46,0.16,0.78
GBSM,335,324,241,425,288,3150,0.8578590386,2.79,0.17,1.22
GBSM,334,358,265,440,291,3427,0.8564463705,2.48,0.17,1.27
GBSM,334,389,256,424,301,3310,0.8564217611,2.29,0.16,1.35
GBSM,332,199,245,400,295,3198,0.8576822538,2.55,0.17,1.15
GBSM,333,324,255,418,292,3304,0.8567013206,2.60,0.17,0.96
GBSM,333,388,258,428,296,3334,0.8563474388,2.42,0.16,1.03
GBSM,334,357,264,433,303,3424,0.8568329718,2.52,0.18,1.04
GBSM,333,224,260,417,297,3345,0.8557558946,2.79,0.17,1.32
GBSM,333,265,241,386,287,3114,0.8563338301,3.19,0.20,1.21
GBSM,332,224,257,421,300,3339,0.8570634038,2.79,0.16,1.27
GBSM,331,264,259,424,296,3122,0.8467908903,2.85,0.18,1.31
GBSM,319,266,279,449,303,3072,0.8334825425,2.25,0.18,0.73
GBSM,319,305,301,507,315,3424,0.8383892617,2.23,0.16,0.93
GBSM,318,369,258,418,306,3488,0.8622530699,2.87,0.17,1.44
GBSM,317,266,261,428,301,3120,0.8456078083,2.34,0.18,1.24
GBSM,317,305,300,531,319,3503,0.8422298186,2.29,0.18,0.74
GBSM,317,369,259,422,308,3506,0.8624169987,2.98,0.18,1.28
GBSM,316,320,302,457,306,3107,0.8228219419,2.54,0.16,1.21
GBSM,315,320,315,468,312,3176,0.8195359496,2.42,0.15,0.94
GBSM,314,342,262,421,290,3301,0.8529329217,2.53,0.16,1.30
GBSM,314,420,231,379,280,3120,0.8621307072,2.72,0.17,1.25
GBSM,313,342,243,410,294,3158,0.8571008527,2.29,0.16,0.90
GBSM,313,420,229,382,280,3193,0.8661601403,2.53,0.15,1.10
GBSM,308,335,242,405,284,3491,0.8703455666,2.40,0.16,1.12
GBSM,306,396,236,400,285,3352,0.8684503902,2.80,0.17,1.12
GBSM,304,425,248,410,301,3246,0.8580423583,2.91,0.17,1.21
GBSM,302,425,253,411,289,3260,0.8559635639,2.41,0.16,1.00
GBSM,295,274,252,419,296,3442,0.8635625338,2.51,0.18,1.11
GBSM,294,274,242,416,300,3473,0.869717362,2.46,0.17,1.02
GBSM,290,196,246,423,296,3433,0.8662680076,2.50,0.16,1.16
GBSM,289,196,250,427,298,3491,0.8663458968,2.54,0.16,1.25
GBSM,289,300,287,471,305,3398,0.8442333786,2.31,0.18,1.34
GBSM,288,385,231,405,288,3352,0.8710577728,2.84,0.18,0.94
GBSM,288,386,239,420,292,3438,0.8700027196,2.85,0.18,1.11
GBSM,287,300,272,451,296,3542,0.8573675931,2.50,0.17,1.19
GBSM,287,365,239,412,293,3384,0.8680651394,2.68,0.17,1.21
GBSM,286,331,249,449,293,3529,0.8681842245,2.43,0.16,1.33
GBSM,286,318,296,485,307,3402,0.8399134667,2.67,0.17,1.34
GBSM,286,265,267,439,309,3732,0.8664666167,2.45,0.18,1.03
GBSM,285,365,256,411,286,3585,0.8667013798,2.60,0.17,1.12
GBSM,285,331,262,451,298,3554,0.8626834382,2.41,0.17,1.18
GBSM,284,318,288,470,300,3378,0.8428805237,2.56,0.16,1.25
GBSM,284,265,269,443,308,3677,0.8636594019,2.48,0.18,1.16
GBSM,283,222,241,419,285,3577,0.8737558931,2.36,0.16,1.30
GBSM,283,223,240,416,292,3493,0.8714170908,2.29,0.16,0.96
GBSM,282,192,274,434,293,3354,0.848952591,2.32,0.17,1.29
GBSM,280,192,336,473,319,2898,0.7922077922,2.44,0.16,1.23
GBSM,536,788,243,435,290,3370,0.8654857459,2.65,0.18,1.22
GBSM,510,742,297,423,313,2890,0.8136178224,2.59,0.12,1.08
GBSM,508,763,280,414,298,2927,0.8253819769,2.77,0.17,0.86
GBSM,505,736,285,423,310,2750,0.8121911038,2.22,0.12,0.60
GBSM,499,836,232,416,269,3305,0.8688153803,2.49,0.16,1.14
GBSM,499,595,377,546,348,3309,0.7954422138,2.84,0.16,1.20
GBSM,497,606,388,514,357,3255,0.7869887455,2.58,0.16,1.10
GBSM,497,595,361,527,346,3406,0.8083355455,2.69,0.16,1.47
GBSM,497,601,483,565,423,3109,0.7310690423,2.68,0.15,0.94
GBSM,497,604,364,575,345,3333,0.8030835813,2.88,0.17,0.94
GBSM,496,616,323,463,318,3149,0.8139400922,2.97,0.15,1.20
GBSM,496,621,298,489,314,3171,0.8281925627,2.60,0.18,1.07
GBSM,496,626,380,488,339,3170,0.785915493,2.17,0.15,1.17
GBSM,496,611,386,515,351,2925,0.7668378133,2.43,0.15,1.36
GBSM,496,600,477,579,416,3111,0.7341137124,2.63,0.15,0.86
GBSM,496,593,392,549,358,3405,0.7935212009,2.49,0.14,1.08
GBSM,495,624,293,474,325,3372,0.8401091405,2.28,0.17,1.09
GBSM,494,611,354,485,336,3047,0.7918259335,2.53,0.15,1.48
GBSM,494,621,325,478,336,3119,0.8112659698,2.24,0.17,1.03
GBSM,494,616,307,437,319,2967,0.8124618204,2.82,0.14,1.00
GBSM,494,603,460,610,394,3078,0.7399660825,2.77,0.18,0.96
GBSM,494,598,423,527,374,3078,0.7583547558,2.71,0.16,1.00
GBSM,494,590,445,576,410,3303,0.7625400213,2.98,0.17,1.03
GBSM,494,593,374,510,353,3418,0.802742616,2.74,0.17,0.96
GBSM,494,628,384,523,374,3454,0.799895779,2.45,0.20,1.00
GBSM,493,624,526,544,405,3135,0.7126468178,3.15,0.17,1.37
GBSM,493,603,469,602,382,2916,0.7228951256,2.22,0.14,1.03
GBSM,493,598,455,543,364,2988,0.7356956143,2.69,0.16,0.84
GBSM,493,590,435,572,389,3152,0.7574574854,2.96,0.18,1.17
GBSM,492,628,646,754,507,3130,0.657838983,2.35,0.17,1.27
GBSM,491,464,291,493,303,3235,0.8349404424,2.22,0.15,0.94
GBSM,491,462,318,535,318,3293,0.8238715037,2.29,0.16,1.37
GBSM,488,832,233,406,288,3519,0.8757995736,2.53,0.16,0.88
GBSM,486,832,236,408,278,3515,0.8741668888,2.18,0.15,1.04
GBSM,483,739,269,403,289,2831,0.8264516129,2.24,0.13,1.16
GBSM,483,740,272,422,295,3163,0.8416302766,2.49,0.13,1.11
GBSM,483,847,251,401,290,3288,0.8581520203,2.36,0.15,0.80
GBSM,482,780,300,443,307,3021,0.8193315266,2.83,0.15,1.45
GBSM,480,780,308,448,313,3177,0.8232424677,2.49,0.17,0.92
GBSM,480,712,272,410,305,3110,0.8391484329,2.05,0.12,0.73
GBSM,479,712,278,412,304,3057,0.8332833583,2.65,0.16,0.72
GBSM,478,632,349,487,340,2944,0.7880352262,2.08,0.14,1.15
GBSM,478,616,306,458,311,2843,0.8056525881,2.13,0.14,0.96
GBSM,477,633,320,475,321,2901,0.8013039429,2.50,0.18,1.16
GBSM,477,618,297,447,310,2931,0.8159851301,2.37,0.16,1.21
GBSM,476,810,257,435,289,3413,0.8599455041,2.81,0.15,1.00
GBSM,474,810,259,423,283,3188,0.849724398,2.28,0.14,0.69
GBSM,460,795,263,412,293,3027,0.8401215805,2.46,0.17,1.26
GBSM,460,796,268,416,292,2967,0.8343122102,2.47,0.13,0.86
GBSM,458,773,260,425,298,2948,0.8379052369,2.54,0.12,1.41
GBSM,459,637,295,465,297,3509,0.8449001052,2.27,0.16,0.96
GBSM,459,453,299,543,319,3259,0.8319280495,2.95,0.16,0.56
GBSM,458,639,337,514,319,3245,0.8118369626,2.51,0.17,0.80
GBSM,458,847,260,409,284,2984,0.839704069,2.85,0.16,1.06
GBSM,457,773,266,424,291,2939,0.8340093604,2.27,0.15,1.12
GBSM,457,453,300,529,316,3279,0.8323554065,2.90,0.15,0.73
GBSM,457,847,271,418,288,2928,0.8305720538,2.53,0.15,0.89
GBSM,457,734,286,414,305,2700,0.8084393838,2.74,0.15,1.00
GBSM,456,695,291,426,301,2929,0.8192546584,2.80,0.16,1.04
GBSM,455,734,274,408,304,2699,0.815674403,2.66,0.16,1.18
GBSM,454,695,302,423,303,2805,0.8056002575,2.30,0.17,0.92
GBSM,454,622,388,556,355,2914,0.7649909146,2.94,0.17,0.96
GBSM,453,622,367,531,351,2913,0.7762195122,2.33,0.16,1.25
GBSM,450,597,260,430,269,3101,0.8452841416,2.49,0.16,1.12
GBSM,449,759,255,405,291,2951,0.8409232689,2.54,0.14,0.90
GBSM,448,597,262,459,280,3195,0.8484234886,2.48,0.15,0.42
GBSM,447,759,261,407,300,2919,0.8358490566,2.55,0.13,0.98
GBSM,446,709,269,397,295,2897,0.8300694883,3.02,0.18,1.08
GBSM,445,709,283,405,299,2868,0.8203744843,2.98,0.17,1.24
GBSM,433,833,260,419,292,3290,0.8535211268,2.72,0.17,0.78
GBSM,432,728,317,456,325,2930,0.8047428395,2.31,0.14,1.11
GBSM,432,833,263,424,292,3274,0.8512864009,2.69,0.18,0.84
GBSM,431,728,312,459,323,2931,0.8075855689,2.58,0.16,1.30
GBSM,412,455,281,471,306,3256,0.8411082839,2.17,0.15,0.92
GBSM,411,455,278,475,305,3393,0.8485426314,2.34,0.16,1.01
GBSM,403,698,268,447,288,3013,0.8366351722,2.41,0.16,1.01
GBSM,402,697,278,467,290,2953,0.8279170535,2.35,0.16,1.24
GBSM,401,717,252,429,286,2970,0.843575419,2.39,0.14,1.17
GBSM,401,716,249,436,289,3063,0.8496376812,2.70,0.17,1.18
GBSM,399,813,249,419,285,3341,0.861281337,2.34,0.14,1.16
GBSM,397,815,244,412,287,3262,0.8608100399,2.29,0.13,1.15
GBSM,379,773,244,442,289,3649,0.8746468019,2.57,0.14,0.72
GBSM,379,713,248,413,285,3419,0.8647395691,2.79,0.16,1.30
GBSM,377,773,243,430,287,3489,0.8697749196,2.68,0.16,1.08
GBSM,377,714,237,407,287,3536,0.8743705274,2.47,0.16,1.18
GBSM,377,830,225,406,290,3560,0.8811096433,2.88,0.15,1.00
GBSM,375,830,220,395,285,3413,0.8788879714,2.81,0.15,0.95
GBSM,373,702,259,437,295,3229,0.8514908257,2.50,0.16,1.33
GBSM,371,702,258,436,302,3273,0.8538657604,2.75,0.17,1.07
GBSM,367,848,243,399,286,3103,0.8547519426,2.51,0.14,1.12
GBSM,359,734,319,496,318,3285,0.8229744728,2.42,0.16,1.37
GBSM,358,734,343,495,322,3246,0.8088604068,2.53,0.18,1.07
GBSM,356,697,265,469,297,3397,0.8552703441,2.41,0.16,1.21
GBSM,355,697,264,466,298,3449,0.8577969297,2.36,0.15,1.08
GBSM,348,809,229,408,283,3513,0.8776055585,2.67,0.14,0.89
GBSM,347,439,227,365,261,2808,0.8504118616,2.77,0.17,1.31
GBSM,346,810,242,420,285,3598,0.8739583333,2.32,0.16,1.30
GBSM,343,439,247,399,291,3224,0.8576779026,2.27,0.16,0.68
GBSM,322,680,261,439,289,3269,0.8521246459,2.26,0.15,1.02
GBSM,321,622,310,530,313,3164,0.8215313759,3.70,0.16,0.63
GBSM,320,636,275,468,304,3274,0.8450267681,2.33,0.15,1.04
GBSM,314,447,246,407,291,3268,0.859988617,2.76,0.17,1.18
GBSM,313,447,247,397,293,3144,0.8543202595,2.42,0.15,1.21
GBSM,307,617,297,504,309,3485,0.8429402433,2.71,0.18,1.05
GBSM,305,653,278,485,302,3372,0.8476712329,3.42,0.16,0.77
GBSM,293,448,259,440,303,3681,0.8685279188,2.87,0.16,1.36
GBSM,292,447,265,440,306,3907,0.8729626079,2.59,0.15,1.51
GBSM,285,643,304,503,312,3343,0.8332876337,2.90,0.17,0.58
GBSM,285,670,271,488,280,3143,0.8412419449,2.39,0.16,1.08
GBSM,270,430,269,485,318,3361,0.8517906336,2.87,0.17,0.98
GBSM,270,293,342,523,317,3031,0.7972131634,1.70,0.14,0.96
GBSM,270,399,258,417,287,3222,0.8517241379,2.83,0.19,1.11
GBSM,269,365,253,432,295,3443,0.8630952381,2.45,0.17,0.97
GBSM,269,430,294,517,326,3546,0.846875,2.79,0.17,0.88
GBSM,269,293,331,509,316,3033,0.8032104637,2.33,0.15,0.88
GBSM,268,399,264,435,292,3292,0.8515185602,2.41,0.18,0.95
GBSM,267,365,244,410,284,3331,0.8634965035,2.47,0.16,1.02
GBSM,267,217,259,458,293,3319,0.8552263835,2.45,0.17,1.02
GBSM,267,332,269,470,299,3269,0.8479366874,2.20,0.16,1.15
GBSM,266,250,247,426,288,3267,0.859419465,2.52,0.16,1.16
GBSM,265,217,253,450,297,3334,0.8589350432,2.14,0.15,1.00
GBSM,265,332,269,463,294,3296,0.849088359,2.51,0.16,1.18
GBSM,265,254,230,418,282,3304,0.86983588,2.53,0.16,0.98
GBSM,256,316,258,434,285,3302,0.8550561798,2.23,0.15,0.88
GBSM,254,316,260,423,292,3341,0.8555956679,2.19,0.16,1.08
GBSM,253,343,235,405,290,3263,0.8656375071,2.53,0.17,1.07
GBSM,251,344,244,411,290,3254,0.8604917095,2.30,0.15,0.92
GBSM,250,427,259,429,297,3162,0.8485822859,2.64,0.16,0.86
GBSM,248,426,251,443,296,3261,0.8570615034,2.42,0.16,0.82
GBSM,246,214,264,431,294,2936,0.835,2.17,0.15,1.14
GBSM,246,212,266,469,300,2982,0.8362068965,2.32,0.17,1.16
GBSM,238,392,255,433,301,3846,0.8756400878,2.92,0.19,0.98
GBSM,238,198,290,457,302,3223,0.8348989468,2.08,0.15,0.88
GBSM,237,392,259,435,304,3856,0.8741190765,2.69,0.18,1.05
GBSM,237,409,247,435,287,3608,0.8718547341,2.58,0.17,0.77
GBSM,237,198,282,446,300,3266,0.8410372041,2.16,0.15,0.88
GBSM,236,299,250,427,294,3593,0.8698933125,2.46,0.18,1.13
GBSM,234,299,240,404,297,3618,0.8755832037,2.22,0.16,1.24
GBSM,227,192,361,451,340,2641,0.7594936709,2.54,0.18,0.90
GBSM,226,192,423,477,351,2687,0.7279742765,2.32,0.15,1.08
GBSM,219,239,281,507,313,3234,0.840113798,3.54,0.17,0.84
GBSM,218,240,261,480,291,3225,0.8502581756,3.33,0.18,0.68
GBSM,217,330,241,404,287,3273,0.8628343768,2.47,0.15,1.26
GBSM,216,330,245,405,290,3248,0.8597194389,2.89,0.15,0.68
GBSM,216,221,300,516,302,3246,0.8307952623,3.09,0.18,1.10
GBSM,214,221,294,497,298,3136,0.8285714286,2.40,0.17,1.16
GBSM,212,127,253,406,293,3182,0.8526928675,2.63,0.16,1.36
GBSM,211,347,267,446,288,3001,0.8365973072,2.69,0.17,1.06
GBSM,211,126,247,406,286,3133,0.8538461538,2.32,0.15,1.09
GBSM,209,347,261,447,291,3057,0.842676311,2.38,0.17,1.13
GBSM,208,177,263,426,301,3149,0.8458382181,1.90,0.15,1.31
GBSM,206,177,256,414,295,3145,0.8494560423,2.00,0.13,0.63
GBSM,206,200,270,429,284,2810,0.8246753247,2.42,0.15,1.06
GBSM,205,24,280,455,295,3011,0.8298389547,2.07,0.14,1.13
GBSM,204,200,271,433,289,2827,0.8250484183,2.53,0.15,1.25
GBSM,204,50,235,379,287,3010,0.8551617874,2.41,0.15,1.57
GBSM,204,24,275,444,298,2969,0.8304562269,2.27,0.15,1.25
GBSM,203,154,246,418,289,3091,0.8525621816,2.00,0.14,0.97
GBSM,202,50,246,407,289,2975,0.8472524061,2.30,0.16,0.76
GBSM,201,294,243,418,292,3442,0.8681139756,2.38,0.14,1.25
GBSM,201,330,276,475,293,3192,0.8408304498,2.65,0.16,0.84
GBSM,200,332,283,495,298,3288,0.8415009801,2.91,0.14,0.72
GBSM,200,294,245,416,292,3379,0.864790287,2.46,0.14,1.11
GBSM,195,177,248,405,291,3175,0.8550978674,1.96,0.14,0.72
GBSM,194,177,251,411,293,3147,0.8522660388,2.50,0.14,0.70
GBSM,188,89,252,429,305,3188,0.8534883721,2.43,0.17,0.99
GBSM,187,89,252,433,303,3161,0.852329329,2.22,0.16,1.29
GBSM,187,340,243,453,288,3413,0.8670678337,2.28,0.18,1.14
GBSM,187,313,283,495,294,3307,0.8423398329,2.50,0.18,0.97
GBSM,186,31,275,468,309,2919,0.827802129,2.25,0.16,1.30
GBSM,186,207,311,527,293,2812,0.8008325328,2.61,0.17,1.18
GBSM,186,50,256,445,297,3096,0.8472553699,2.38,0.15,1.04
GBSM,185,52,246,439,293,3219,0.858008658,2.27,0.16,1.08
GBSM,185,313,280,494,299,3401,0.8478674273,2.23,0.17,0.92
GBSM,185,31,284,479,303,2845,0.8184723554,2.32,0.15,1.32
GBSM,184,207,317,545,297,2914,0.8037759208,2.66,0.15,1.36
GBSM,184,282,282,511,300,3474,0.8498402556,3.21,0.18,0.81
GBSM,184,154,244,443,290,3236,0.8597701149,2.57,0.16,1.16
GBSM,183,243,260,451,285,3498,0.8616285258,2.53,0.19,1.15
GBSM,183,282,288,512,303,3529,0.8490961488,2.46,0.16,1.14
GBSM,182,241,257,447,290,3364,0.8580502624,2.57,0.17,1.11
GBSM,182,154,247,443,290,3172,0.855513308,2.22,0.12,0.77
GBSM,182,179,268,461,301,3143,0.842861331,2.68,0.14,1.24
GBSM,181,179,278,464,307,3104,0.8356002365,2.64,0.15,1.15
GBSM,179,195,279,489,300,3376,0.8473324213,2.28,0.16,1.07
GBSM,179,132,234,425,279,3319,0.8682803265,2.59,0.17,1.32
GBSM,178,195,269,488,293,3270,0.8479796553,2.72,0.16,1.05
GBSM,178,132,237,411,282,3311,0.8664036077,2.36,0.15,1.26
GBSM,176,36,337,546,317,2807,0.7856234097,3.16,0.17,0.62
GBSM,175,38,303,516,312,2899,0.8107432854,2.41,0.16,0.93
GBSM,169,323,296,531,296,3115,0.8264438581,2.89,0.16,0.74
GBSM,169,291,283,515,297,3263,0.8403835307,3.35,0.18,0.65
GBSM,168,325,311,534,290,3218,0.8237461037,2.90,0.16,0.90
GBSM,168,346,271,496,299,3548,0.8580780309,2.89,0.16,0.77
GBSM,167,291,263,468,286,3241,0.8498858447,2.46,0.16,0.75
GBSM,163,395,260,410,310,3306,0.8541783511,2.44,0.13,1.02
GBSM,163,183,295,474,307,3071,0.8247177659,2.38,0.16,1.02
GBSM,163,200,288,516,296,3008,0.8252427184,2.74,0.16,0.65
GBSM,163,127,256,448,286,3131,0.8488337762,2.65,0.16,0.96
GBSM,162,363,278,463,301,3634,0.8578732106,2.36,0.18,0.72
GBSM,162,183,301,479,309,3095,0.8227326266,2.42,0.17,1.04
GBSM,161,200,302,516,296,2984,0.8161898965,3.13,0.17,0.64
GBSM,161,57,280,451,290,3079,0.8332837154,2.57,0.16,1.32
GBSM,161,127,260,459,295,3224,0.8507462687,2.35,0.16,0.75
GBSM,160,56,285,456,293,3063,0.8297491039,2.39,0.16,1.29
GBSM,159,102,289,444,312,3013,0.824954573,2.72,0.17,1.01
GBSM,158,38,306,483,313,2887,0.8083307235,3.17,0.18,1.04
GBSM,158,215,236,417,287,3261,0.8650271661,2.43,0.17,0.99
GBSM,158,313,319,542,313,2984,0.8068422646,2.51,0.16,0.67
GBSM,158,82,263,435,294,3058,0.8416139717,2.62,0.15,1.02
GBSM,157,102,284,442,306,2974,0.8256599141,2.45,0.15,1.24
GBSM,157,216,245,438,288,3281,0.8610323313,2.61,0.18,1.05
GBSM,157,38,303,475,313,2789,0.8040103493,2.41,0.16,0.99
GBSM,157,313,319,549,315,3023,0.8090963495,2.90,0.16,0.46
GBSM,156,82,265,430,296,3039,0.8395883777,2.74,0.15,0.53
GBSM,151,285,260,468,294,3048,0.8428053204,2.01,0.16,1.02
GBSM,151,286,260,481,300,3116,0.845971564,2.36,0.17,0.74
GBSM,148,126,277,461,302,2935,0.8275217933,2.39,0.16,1.03
GBSM,148,342,238,400,275,3125,0.8584597086,2.45,0.17,0.95
GBSM,147,251,316,558,312,3064,0.8130177515,2.78,0.16,0.62
GBSM,147,126,281,457,302,2817,0.8185926404,2.17,0.17,0.70
GBSM,147,342,239,403,273,3110,0.8572708271,2.31,0.17,0.63
GBSM,146,251,315,549,312,3016,0.8108676073,3.46,0.16,0.54
GBSM,143,68,280,427,293,3011,0.8298389547,2.14,0.15,1.21
GBSM,142,302,246,432,279,3273,0.8601875533,2.44,0.17,0.82
GBSM,142,68,285,431,292,2982,0.8255280073,2.30,0.16,0.96
GBSM,140,302,244,424,273,3197,0.8581807614,2.62,0.18,0.93
GBSM,138,96,283,490,305,2909,0.8226817043,2.84,0.16,1.14
GBSM,138,197,243,414,291,3459,0.868719611,2.41,0.16,0.79
GBSM,137,171,252,419,275,2986,0.8443483632,2.92,0.18,1.01
GBSM,137,96,285,483,309,2852,0.8182977367,2.35,0.16,1.24
GBSM,136,171,253,421,284,2989,0.843923504,2.62,0.18,0.95
GBSM,136,196,232,380,276,3164,0.863368669,2.53,0.18,0.74
GBSM,131,226,229,411,287,3235,0.8677829099,2.37,0.17,0.96
GBSM,131,47,237,399,287,3078,0.8570135747,2.49,0.16,1.00
GBSM,130,157,272,458,313,3144,0.8407494145,2.63,0.17,0.98
GBSM,130,226,224,404,283,3246,0.8708933718,2.71,0.18,0.71
GBSM,130,46,233,413,276,3114,0.8607708396,2.66,0.17,1.09
GBSM,129,123,329,542,309,2821,0.7911111111,2.34,0.18,0.79
GBSM,129,83,325,552,306,3112,0.8108815828,3.66,0.17,0.83
GBSM,129,157,275,458,310,3161,0.8399301513,3.30,0.18,0.89
GBSM,128,123,317,532,309,2849,0.7997473152,2.74,0.17,1.29
GBSM,128,83,320,552,306,3128,0.8143851508,3.30,0.17,0.91
GBSM,127,197,253,390,281,2904,0.8397212544,2.60,0.20,0.78
GBSM,127,32,256,444,293,3085,0.8467524693,2.10,0.16,1.10
GBSM,127,196,266,418,298,2964,0.8352941176,2.71,0.21,0.89
GBSM,126,32,253,440,289,3126,0.8502515537,2.62,0.18,1.22
GBSM,121,295,238,425,279,3268,0.8642327439,2.55,0.18,1.19
GBSM,120,296,247,419,290,3240,0.8583309435,2.19,0.16,1.06
GBSM,120,386,255,422,299,3509,0.8645058448,2.53,0.16,1.35
GBSM,119,245,238,423,281,3062,0.8557575758,2.42,0.17,0.77
GBSM,119,317,254,434,302,3711,0.8718789407,2.38,0.15,1.17
GBSM,119,415,248,402,291,3423,0.8648869518,2.29,0.14,1.51
GBSM,118,386,285,452,300,3542,0.8510582702,2.66,0.16,1.24
GBSM,118,318,244,426,283,3707,0.8764869653,2.07,0.16,1.04
GBSM,118,246,232,424,274,3129,0.8619458494,2.65,0.17,0.71
GBSM,118,415,249,405,294,3483,0.8665594855,2.54,0.15,1.28
GBSM,117,434,245,422,291,3770,0.8779576588,2.46,0.15,0.98
GBSM,115,434,252,424,294,3798,0.8755555556,2.42,0.15,1.03
GBSM,114,377,249,404,283,3246,0.8575107296,2.40,0.14,1.18
GBSM,113,172,249,409,280,2990,0.8462488422,2.66,0.18,1.09
GBSM,113,377,229,382,276,3037,0.8597672994,2.41,0.14,1.29
GBSM,113,203,239,415,274,3062,0.8551953953,2.06,0.18,0.88
GBSM,112,202,251,430,286,3164,0.8530014641,2.21,0.18,1.01
GBSM,112,172,251,422,283,3009,0.8460122699,1.98,0.14,0.83
GBSM,111,151,237,386,283,3063,0.8563636364,2.58,0.17,0.95
GBSM,110,152,239,397,281,3178,0.8601112087,2.71,0.18,0.78
GBSM,110,101,283,466,292,3059,0.8306403351,3.62,0.16,0.93
GBSM,108,65,266,460,287,2805,0.8267665256,3.45,0.17,0.91
GBSM,106,63,310,485,298,2608,0.7875257025,3.18,0.17,1.06
GBSM,105,372,226,374,283,2951,0.8577274158,2.25,0.13,1.43
GBSM,105,304,227,401,272,3252,0.8695027307,2.19,0.18,1.28
GBSM,105,372,226,374,283,2951,0.8577274158,2.42,0.13,1.04
GBSM,103,305,241,413,273,3334,0.8651748252,2.74,0.16,1.06
GBSM,102,424,233,403,278,3126,0.8612682346,2.38,0.14,0.94
GBSM,101,52,295,491,308,2716,0.80405181,2.20,0.17,1.14
GBSM,101,350,253,395,283,2858,0.837351334,2.48,0.14,1.30
GBSM,101,128,249,418,290,3210,0.8560277537,2.67,0.17,0.74
GBSM,101,55,278,452,300,2805,0.819656179,2.49,0.17,1.01
GBSM,100,424,220,380,274,2874,0.8577892696,2.38,0.15,1.09
GBSM,100,349,253,393,287,3072,0.8478195489,2.16,0.13,1.44
GBSM,100,127,249,420,289,3275,0.8586833144,2.39,0.16,1.07
GBSM,99,235,227,393,282,3068,0.862215478,2.69,0.14,0.87
GBSM,98,234,236,409,284,3114,0.8591044776,2.48,0.14,0.74
GBSM,96,414,139,237,229,1253,0.8002873563,2.40,0.14,1.02
GBSM,94,427,215,356,257,2747,0.854827819,2.19,0.13,0.68
GBSM,94,414,131,242,213,1115,0.7897271268,2.20,0.14,0.77
GBSM,93,427,203,347,255,2601,0.8552068474,2.34,0.14,0.97
GBSM,90,201,236,412,269,3074,0.8574018127,2.63,0.18,1.13
GBSM,89,164,284,466,294,3116,0.8329411765,2.68,0.18,1.05
GBSM,88,201,229,401,274,3078,0.8615058966,2.13,0.16,0.93
GBSM,88,374,200,340,255,2567,0.8554391037,2.53,0.14,1.01
GBSM,87,164,277,453,297,3060,0.8339826191,2.23,0.16,0.98
GBSM,86,374,172,300,233,1900,0.833976834,2.23,0.14,1.23
GBSM,84,272,235,408,275,3680,0.8799489144,2.11,0.14,1.38
GBSM,83,63,270,430,287,2881,0.8286258331,2.24,0.16,1.44
GBSM,83,319,227,399,285,3696,0.8842722406,2.39,0.16,1.02
GBSM,83,321,240,406,284,3563,0.8737838548,2.43,0.16,1.19
GBSM,82,272,246,410,289,3506,0.868869936,2.69,0.17,0.98
GBSM,82,394,161,269,234,1857,0.8404360753,2.50,0.15,1.38
GBSM,81,427,152,282,226,1892,0.8512720157,2.37,0.15,1.08
GBSM,80,394,156,269,248,1826,0.8425832492,2.92,0.17,1.30
GBSM,80,63,273,437,289,2911,0.8285175879,2.49,0.19,1.25
GBSM,80,426,141,265,219,1716,0.8481421648,2.39,0.15,1.08
GBSM,79,179,264,447,298,3169,0.8461986601,2.47,0.17,1.00
GBSM,78,179,258,444,286,3189,0.8503046127,2.66,0.17,1.03
GBSM,76,226,214,389,277,3276,0.8773638968,2.35,0.17,1.14
GBSM,76,341,233,383,283,3090,0.8597652723,2.41,0.16,1.72
GBSM,75,197,232,395,267,3221,0.865624095,2.37,0.16,1.34
GBSM,74,224,219,384,270,3214,0.8724147976,2.46,0.16,0.89
GBSM,74,197,230,403,267,3271,0.8686089689,2.09,0.18,1.06
GBSM,73,87,223,385,288,3087,0.8652567976,2.28,0.16,1.30
GBSM,72,37,279,496,298,3280,0.8432143861,2.33,0.17,1.25
GBSM,72,35,272,479,291,3083,0.8378539493,2.40,0.18,0.97
GBSM,72,87,228,397,287,3171,0.865842895,2.59,0.17,1.39
GBSM,71,136,233,387,276,3091,0.8598074609,2.25,0.15,0.95
GBSM,71,137,237,397,284,3262,0.8645327236,2.11,0.15,1.14
GBSM,69,27,307,511,304,3111,0.8203627853,2.38,0.17,1.08
GBSM,67,406,110,210,200,901,0.7823936696,2.81,0.17,0.98
GBSM,65,406,110,210,200,979,0.797979798,2.45,0.16,1.31
GBSM,65,27,660,671,434,3167,0.6550823099,2.55,0.18,0.95
GBSM,63,383,238,390,298,3386,0.8686534216,2.65,0.17,0.99
GBSM,61,159,277,470,297,3174,0.8394668212,2.31,0.16,1.22
GBSM,61,158,292,494,299,3191,0.8323284525,2.18,0.16,1.17
GBSM,61,294,221,395,284,3205,0.8709865733,2.62,0.16,1.33
GBSM,60,296,240,392,289,3065,0.8547655068,2.61,0.17,1.50
GBSM,59,218,218,383,281,3137,0.8700447094,2.66,0.17,1.03
GBSM,59,205,212,384,272,3091,0.8716318498,2.88,0.18,0.88
GBSM,59,217,225,376,281,3141,0.8663101604,2.70,0.17,1.12
GBSM,59,247,243,412,283,3366,0.8653366584,2.61,0.16,1.27
GBSM,58,204,210,384,273,3113,0.8736081854,2.57,0.16,0.85
GBSM,57,247,237,399,276,3359,0.8681868743,2.82,0.16,1.26
GBSM,54,180,281,491,298,2967,0.8269704433,2.86,0.16,0.79
GBSM,54,334,248,392,285,2932,0.8440251572,2.34,0.13,1.19
GBSM,54,333,255,404,288,2940,0.8403755869,2.30,0.12,1.28
GBSM,53,134,222,383,261,3011,0.8626662543,2.19,0.15,1.06
GBSM,53,180,270,486,290,2908,0.8300818125,2.41,0.14,0.75
GBSM,53,70,234,386,274,3261,0.8660944206,2.48,0.16,1.05
GBSM,52,69,231,386,277,3146,0.8631921824,2.44,0.16,0.91
GBSM,52,370,256,409,296,3284,0.8553672316,2.50,0.14,1.13
GBSM,52,134,224,389,267,3052,0.8632478632,2.22,0.15,0.96
GBSM,52,93,271,424,291,3078,0.838160645,1.84,0.14,0.86
GBSM,50,370,259,405,285,3302,0.8545352429,2.47,0.14,1.16
GBSM,50,93,272,437,302,3115,0.8393858872,2.36,0.16,1.08
GBSM,49,44,235,397,281,3163,0.8616833431,2.27,0.14,1.13
GBSM,47,44,234,392,281,3117,0.860340197,2.37,0.15,0.93
GBSM,47,222,225,393,277,3221,0.8694138131,2.19,0.14,1.22
GBSM,45,222,227,383,274,2982,0.8585229043,2.32,0.14,0.89
GBSM,44,317,225,385,264,3161,0.8670998228,2.66,0.18,0.96
GBSM,44,294,228,391,274,3071,0.8617762958,2.60,0.15,0.84
GBSM,43,318,228,387,266,3169,0.8657639093,2.24,0.17,0.91
GBSM,43,295,222,383,281,3064,0.8648813147,2.63,0.17,0.93
GBSM,36,206,228,401,282,3212,0.8674418605,2.66,0.16,0.93
GBSM,36,207,231,407,283,3303,0.8692699491,2.65,0.17,1.04
GBSM,33,178,290,510,302,3090,0.8284023669,2.24,0.15,0.81
GBSM,33,313,250,438,283,3117,0.8514998515,2.52,0.18,0.82
GBSM,32,178,289,508,299,3056,0.8272047833,2.70,0.14,0.85
GBSM,31,313,254,448,287,3152,0.8508514386,2.56,0.16,0.84
GBSM,31,164,246,434,285,3295,0.8610561988,2.16,0.14,1.20
GBSM,30,350,246,409,285,3207,0.8575152042,2.81,0.18,1.46
GBSM,30,70,235,408,281,3279,0.8662492886,2.66,0.16,1.06
GBSM,30,369,254,416,297,3408,0.8612779902,2.74,0.17,1.26
GBSM,29,137,302,535,315,3050,0.8198090692,2.46,0.17,1.29
GBSM,29,70,239,420,280,3334,0.8662188637,2.55,0.16,0.99
GBSM,28,369,244,389,277,3431,0.8672108844,2.50,0.18,1.29
GBSM,28,164,249,421,281,2965,0.8450528936,2.30,0.15,1.04
GBSM,28,139,286,499,301,2942,0.8228004957,2.31,0.18,0.68
GBSM,26,202,231,397,278,3320,0.869895804,2.90,0.18,1.20
GBSM,26,271,218,377,268,3080,0.8677986659,2.60,0.17,1.16
GBSM,25,202,233,402,287,3343,0.8696868009,2.53,0.17,1.06
GBSM,23,271,236,410,284,3058,0.8567091682,2.70,0.17,1.14
GBSM,21,56,244,391,280,3148,0.8561320755,2.50,0.16,0.85
GBSM,20,56,245,395,281,3050,0.8512898331,2.10,0.16,0.76
GBSM,19,108,242,439,294,3191,0.8590154384,3.14,0.17,1.01
GBSM,17,40,222,375,281,3094,0.8661037394,2.37,0.16,1.03
GBSM,17,42,233,378,298,3331,0.8692480359,2.47,0.17,1.24
GBSM,276,635,281,455,306,2936,0.8253030774,2.39,0.16,1.09
GBSM,272,455,267,431,294,3586,0.8614066961,2.33,0.17,0.98
GBSM,270,454,249,423,290,3532,0.8682888125,2.61,0.17,0.86
GBSM,262,658,308,480,312,2823,0.8032577451,2.69,0.17,0.57
GBSM,259,676,304,469,321,2848,0.807106599,2.34,0.15,0.96
GBSM,244,453,249,408,288,3537,0.8684627575,2.69,0.17,1.10
GBSM,243,453,249,416,286,3452,0.8654417725,2.73,0.15,1.26
GBSM,174,632,290,521,302,3331,0.8398232532,2.36,0.15,0.70
GBSM,173,631,281,504,295,3287,0.8424887892,1.84,0.13,0.56
GBSM,172,553,260,469,298,3734,0.8698047071,2.74,0.17,0.69
GBSM,171,553,259,455,296,3735,0.8703054582,2.76,0.17,1.21
GBSM,169,453,264,435,310,3419,0.8566386098,2.54,0.14,0.62
GBSM,158,601,239,429,293,3592,0.8752283999,2.59,0.16,1.02
GBSM,156,601,235,417,283,3406,0.8709145839,2.42,0.16,1.09
GBSM,156,537,234,405,279,3608,0.8781884435,2.74,0.17,0.87
GBSM,155,577,231,425,281,3520,0.8768328446,2.61,0.15,0.62
GBSM,155,538,232,402,270,3562,0.8777016342,2.83,0.15,0.69
GBSM,153,577,231,433,286,3597,0.8793103448,2.59,0.16,0.58
GBSM,152,681,238,425,283,3328,0.866517106,2.46,0.16,0.91
GBSM,147,443,652,815,691,3649,0.6968146943,2.35,0.14,1.00
GBSM,140,442,507,659,544,3649,0.7560153994,2.54,0.17,0.73
GBSM,140,623,233,419,286,3743,0.8827967807,2.45,0.15,0.45
GBSM,139,549,234,412,289,3536,0.875862069,2.15,0.13,0.61
GBSM,138,623,237,427,286,3681,0.8790199081,2.58,0.15,1.20
GBSM,137,550,230,406,286,3730,0.8838383838,1.81,0.12,0.48
GBSM,123,672,306,521,309,3340,0.8321448162,3.05,0.19,1.25
GBSM,120,599,333,566,318,3055,0.8034238489,2.99,0.14,0.86
GBSM,118,537,236,400,271,3213,0.8631487388,2.35,0.16,1.08
GBSM,118,599,322,554,306,3023,0.8074738416,3.33,0.14,0.59
GBSM,118,538,229,399,281,3263,0.8688430699,2.48,0.16,0.82
GBSM,111,558,215,395,278,3356,0.8795855503,2.36,0.15,1.11
GBSM,110,558,219,392,280,3369,0.8779264214,2.81,0.17,0.93
GBSM,105,660,268,461,295,3316,0.8504464286,2.73,0.16,1.17
GBSM,105,662,277,479,289,3220,0.8415784959,3.69,0.18,0.82
GBSM,104,638,308,476,299,3001,0.8138410396,2.51,0.12,1.13
GBSM,103,638,322,492,303,2890,0.799501868,2.75,0.16,1.10
GBSM,98,536,272,445,296,3089,0.8381434097,2.21,0.14,0.58
GBSM,97,534,253,426,295,3124,0.8501628664,2.37,0.16,0.58
GBSM,95,588,324,568,305,3165,0.8142734308,3.67,0.14,0.48
GBSM,93,588,294,532,299,3221,0.8327169275,3.56,0.16,0.80
GBSM,84,438,186,327,250,2535,0.8632855568,2.22,0.14,1.09
GBSM,82,452,286,479,313,3765,0.8588002962,2.16,0.15,1.30
GBSM,81,453,281,461,312,3957,0.8673902784,2.88,0.17,0.68
GBSM,70,541,226,396,277,3319,0.8724964739,2.83,0.18,1.21
GBSM,68,541,234,410,272,3390,0.8708609271,2.87,0.18,1.17
GBSM,65,461,266,441,307,3708,0.866129844,2.56,0.17,0.91
GBSM,64,461,265,434,308,3686,0.8658567451,2.31,0.15,1.04
GBSM,64,444,251,414,296,3253,0.8567351598,2.51,0.15,1.09
GBSM,64,659,213,375,270,2978,0.8664995299,2.54,0.17,1.09
GBSM,62,444,240,416,287,3388,0.8676957001,2.45,0.15,1.10
GBSM,61,658,211,384,256,3090,0.8721599515,2.27,0.16,1.29
GBSM,58,452,249,433,295,3611,0.870984456,2.77,0.16,0.83
GBSM,57,591,289,490,292,3138,0.8313393639,2.53,0.14,1.19
GBSM,57,452,252,435,290,3622,0.8699019102,2.71,0.16,1.12
GBSM,56,591,268,456,281,3221,0.8463743193,2.56,0.14,1.27
GBSM,48,535,240,432,279,3211,0.8609098812,2.79,0.13,0.93
GBSM,46,535,230,403,280,2930,0.8544303797,2.77,0.17,1.13
GBSM,45,465,242,411,287,3458,0.8691891892,2.71,0.16,0.98
GBSM,44,465,241,403,280,3526,0.8720467215,2.89,0.17,0.79
GBSM,43,648,238,421,279,3485,0.8721461187,2.57,0.16,1.24
GBSM,42,648,234,420,285,3477,0.8738884398,2.33,0.14,1.30
GBSM,42,613,227,402,277,3350,0.8730779983,2.85,0.18,1.17
GBSM,42,570,244,411,290,3639,0.8743239763,2.80,0.14,1.38
GBSM,41,612,219,391,273,3293,0.875284738,2.50,0.16,1.61
GBSM,40,570,240,412,289,3593,0.8747717193,2.93,0.18,1.14
GBSM,35,633,243,436,270,3296,0.8626730715,3.07,0.17,1.55
GBSM,35,531,243,408,278,3287,0.8623229462,2.24,0.17,0.96
GBSM,34,633,236,429,275,3356,0.868596882,2.94,0.20,1.28
GBSM,33,531,245,403,286,3314,0.8623208766,2.40,0.16,1.21
GBSM,33,545,226,383,284,3263,0.8704499857,2.91,0.17,1.20
GBSM,31,544,226,395,291,3356,0.873813512,2.59,0.17,1.29